Layer_Names,layer_0,layer_1,layer_2,layer_3,,,,,,,,,,,,,,,,,,,,,,,,,,,,,,,,,,,,,,,,,,,,,,,,,,,,,,,,,,,,,,,,,,,,,,,,,,,,,,,,,,,,,,,,,,,,,,,,,,,,,,,,,,,,,,,,,,,,,,,,,,,,,,,,,,,,,,,,,,,,,,,,,,,,,,,,,,,,,,,,,,,,,,,,,,,,,,,,,,,,,,,,,,,,,,,,,,,,,,,,,,,,,,,,,,,,,,,,,,,,,,,,,,,,,,,,,,,,,,,,,,,,,,,,,,,,,,,,,,,,,,,,,,,,,,,,,,,,,,,,,,,,,,,,,,,,,,,,,,,,,,,,,,,,,,,,,,,,,,,,,,,,,,,,,,,,,,,,,,,,,,,,,,,,,,,,,,,,,,,,,,,,,,,,,,,,,,,,,,,,,,,,,,,,,,,,,,,,,,,,,,,,,,,,,,,,,,,,,,,,,,,,,,,,,,,,,,,,,,,,,,,,,,,,,,,,,,,,,,,,,,,,,,,,,,,,,,,,,,,,,,,,,,,,,,,,,,,,,,,,,,,,,,,,,,,,,,,,,,,,,,,,,,,,,,,,,,,,,,,,,,,,,,,,,,,,,,,,,,,,,,,,,,,,,,,,,,,,,,,,,,,,,,,,,,,,,,,,,,,,,,,,,,,,,,,,,,,,,,,,,,,,,,,,,,,,,,,,,,,,,,,,,,,,,,,,,,,,,,,,,,,,,,,,,,,,,,,,,,,,,,,,,,,,,,,,,,,,,,,,,,,,,,,,,,,,,,,,,,,,,,,,,,,,,,,,,,,,,,,,,,,,,,,,,,,,,,,,,,,,,,,,,,,,,,,,,,,,,,,,,,,,,,,,,,,,,,,,,,,,,,,,,,,,,,,,,,,,,,,,,,,,,,,,,,,,,,,,,,,,,,,,,,,,,,,,,,,,,,,,,,,,,,,,,,,,,,,,,,,,,,,,,,,,,,,,,,,,,
Layer_Indexes,0,1,2,3,,,,,,,,,,,,,,,,,,,,,,,,,,,,,,,,,,,,,,,,,,,,,,,,,,,,,,,,,,,,,,,,,,,,,,,,,,,,,,,,,,,,,,,,,,,,,,,,,,,,,,,,,,,,,,,,,,,,,,,,,,,,,,,,,,,,,,,,,,,,,,,,,,,,,,,,,,,,,,,,,,,,,,,,,,,,,,,,,,,,,,,,,,,,,,,,,,,,,,,,,,,,,,,,,,,,,,,,,,,,,,,,,,,,,,,,,,,,,,,,,,,,,,,,,,,,,,,,,,,,,,,,,,,,,,,,,,,,,,,,,,,,,,,,,,,,,,,,,,,,,,,,,,,,,,,,,,,,,,,,,,,,,,,,,,,,,,,,,,,,,,,,,,,,,,,,,,,,,,,,,,,,,,,,,,,,,,,,,,,,,,,,,,,,,,,,,,,,,,,,,,,,,,,,,,,,,,,,,,,,,,,,,,,,,,,,,,,,,,,,,,,,,,,,,,,,,,,,,,,,,,,,,,,,,,,,,,,,,,,,,,,,,,,,,,,,,,,,,,,,,,,,,,,,,,,,,,,,,,,,,,,,,,,,,,,,,,,,,,,,,,,,,,,,,,,,,,,,,,,,,,,,,,,,,,,,,,,,,,,,,,,,,,,,,,,,,,,,,,,,,,,,,,,,,,,,,,,,,,,,,,,,,,,,,,,,,,,,,,,,,,,,,,,,,,,,,,,,,,,,,,,,,,,,,,,,,,,,,,,,,,,,,,,,,,,,,,,,,,,,,,,,,,,,,,,,,,,,,,,,,,,,,,,,,,,,,,,,,,,,,,,,,,,,,,,,,,,,,,,,,,,,,,,,,,,,,,,,,,,,,,,,,,,,,,,,,,,,,,,,,,,,,,,,,,,,,,,,,,,,,,,,,,,,,,,,,,,,,,,,,,,,,,,,,,,,,,,,,,,,,,,,,,,,,,,,,,,,,,,,,,,,,,,,,,,,,,,,,
Layer_Sizes,13,30,30,1,,,,,,,,,,,,,,,,,,,,,,,,,,,,,,,,,,,,,,,,,,,,,,,,,,,,,,,,,,,,,,,,,,,,,,,,,,,,,,,,,,,,,,,,,,,,,,,,,,,,,,,,,,,,,,,,,,,,,,,,,,,,,,,,,,,,,,,,,,,,,,,,,,,,,,,,,,,,,,,,,,,,,,,,,,,,,,,,,,,,,,,,,,,,,,,,,,,,,,,,,,,,,,,,,,,,,,,,,,,,,,,,,,,,,,,,,,,,,,,,,,,,,,,,,,,,,,,,,,,,,,,,,,,,,,,,,,,,,,,,,,,,,,,,,,,,,,,,,,,,,,,,,,,,,,,,,,,,,,,,,,,,,,,,,,,,,,,,,,,,,,,,,,,,,,,,,,,,,,,,,,,,,,,,,,,,,,,,,,,,,,,,,,,,,,,,,,,,,,,,,,,,,,,,,,,,,,,,,,,,,,,,,,,,,,,,,,,,,,,,,,,,,,,,,,,,,,,,,,,,,,,,,,,,,,,,,,,,,,,,,,,,,,,,,,,,,,,,,,,,,,,,,,,,,,,,,,,,,,,,,,,,,,,,,,,,,,,,,,,,,,,,,,,,,,,,,,,,,,,,,,,,,,,,,,,,,,,,,,,,,,,,,,,,,,,,,,,,,,,,,,,,,,,,,,,,,,,,,,,,,,,,,,,,,,,,,,,,,,,,,,,,,,,,,,,,,,,,,,,,,,,,,,,,,,,,,,,,,,,,,,,,,,,,,,,,,,,,,,,,,,,,,,,,,,,,,,,,,,,,,,,,,,,,,,,,,,,,,,,,,,,,,,,,,,,,,,,,,,,,,,,,,,,,,,,,,,,,,,,,,,,,,,,,,,,,,,,,,,,,,,,,,,,,,,,,,,,,,,,,,,,,,,,,,,,,,,,,,,,,,,,,,,,,,,,,,,,,,,,,,,,,,,,,,,,,,,,,,,,,,,,,,,,,,,,,,,,,,
Layer_Activations,relu,relu,relu,,,,,,,,,,,,,,,,,,,,,,,,,,,,,,,,,,,,,,,,,,,,,,,,,,,,,,,,,,,,,,,,,,,,,,,,,,,,,,,,,,,,,,,,,,,,,,,,,,,,,,,,,,,,,,,,,,,,,,,,,,,,,,,,,,,,,,,,,,,,,,,,,,,,,,,,,,,,,,,,,,,,,,,,,,,,,,,,,,,,,,,,,,,,,,,,,,,,,,,,,,,,,,,,,,,,,,,,,,,,,,,,,,,,,,,,,,,,,,,,,,,,,,,,,,,,,,,,,,,,,,,,,,,,,,,,,,,,,,,,,,,,,,,,,,,,,,,,,,,,,,,,,,,,,,,,,,,,,,,,,,,,,,,,,,,,,,,,,,,,,,,,,,,,,,,,,,,,,,,,,,,,,,,,,,,,,,,,,,,,,,,,,,,,,,,,,,,,,,,,,,,,,,,,,,,,,,,,,,,,,,,,,,,,,,,,,,,,,,,,,,,,,,,,,,,,,,,,,,,,,,,,,,,,,,,,,,,,,,,,,,,,,,,,,,,,,,,,,,,,,,,,,,,,,,,,,,,,,,,,,,,,,,,,,,,,,,,,,,,,,,,,,,,,,,,,,,,,,,,,,,,,,,,,,,,,,,,,,,,,,,,,,,,,,,,,,,,,,,,,,,,,,,,,,,,,,,,,,,,,,,,,,,,,,,,,,,,,,,,,,,,,,,,,,,,,,,,,,,,,,,,,,,,,,,,,,,,,,,,,,,,,,,,,,,,,,,,,,,,,,,,,,,,,,,,,,,,,,,,,,,,,,,,,,,,,,,,,,,,,,,,,,,,,,,,,,,,,,,,,,,,,,,,,,,,,,,,,,,,,,,,,,,,,,,,,,,,,,,,,,,,,,,,,,,,,,,,,,,,,,,,,,,,,,,,,,,,,,,,,,,,,,,,,,,,,,,,,,,,,,,,,,,,,,,,,,,,,,,,,,,,,,,,,,,,,,,,,,,
Normalization type,log,,,,,,,,,,,,,,,,,,,,,,,,,,,,,,,,,,,,,,,,,,,,,,,,,,,,,,,,,,,,,,,,,,,,,,,,,,,,,,,,,,,,,,,,,,,,,,,,,,,,,,,,,,,,,,,,,,,,,,,,,,,,,,,,,,,,,,,,,,,,,,,,,,,,,,,,,,,,,,,,,,,,,,,,,,,,,,,,,,,,,,,,,,,,,,,,,,,,,,,,,,,,,,,,,,,,,,,,,,,,,,,,,,,,,,,,,,,,,,,,,,,,,,,,,,,,,,,,,,,,,,,,,,,,,,,,,,,,,,,,,,,,,,,,,,,,,,,,,,,,,,,,,,,,,,,,,,,,,,,,,,,,,,,,,,,,,,,,,,,,,,,,,,,,,,,,,,,,,,,,,,,,,,,,,,,,,,,,,,,,,,,,,,,,,,,,,,,,,,,,,,,,,,,,,,,,,,,,,,,,,,,,,,,,,,,,,,,,,,,,,,,,,,,,,,,,,,,,,,,,,,,,,,,,,,,,,,,,,,,,,,,,,,,,,,,,,,,,,,,,,,,,,,,,,,,,,,,,,,,,,,,,,,,,,,,,,,,,,,,,,,,,,,,,,,,,,,,,,,,,,,,,,,,,,,,,,,,,,,,,,,,,,,,,,,,,,,,,,,,,,,,,,,,,,,,,,,,,,,,,,,,,,,,,,,,,,,,,,,,,,,,,,,,,,,,,,,,,,,,,,,,,,,,,,,,,,,,,,,,,,,,,,,,,,,,,,,,,,,,,,,,,,,,,,,,,,,,,,,,,,,,,,,,,,,,,,,,,,,,,,,,,,,,,,,,,,,,,,,,,,,,,,,,,,,,,,,,,,,,,,,,,,,,,,,,,,,,,,,,,,,,,,,,,,,,,,,,,,,,,,,,,,,,,,,,,,,,,,,,,,,,,,,,,,,,,,,,,,,,,,,,,,,,,,,,,,,,,,,,,,,,,,,,,,,,,,,,,,,,,
Normalization Parameters inputs,0,PARAM,600,1500,1935,,,,,,,,,,,,,,,,,,,,,,,,,,,,,,,,,,,,,,,,,,,,,,,,,,,,,,,,,,,,,,,,,,,,,,,,,,,,,,,,,,,,,,,,,,,,,,,,,,,,,,,,,,,,,,,,,,,,,,,,,,,,,,,,,,,,,,,,,,,,,,,,,,,,,,,,,,,,,,,,,,,,,,,,,,,,,,,,,,,,,,,,,,,,,,,,,,,,,,,,,,,,,,,,,,,,,,,,,,,,,,,,,,,,,,,,,,,,,,,,,,,,,,,,,,,,,,,,,,,,,,,,,,,,,,,,,,,,,,,,,,,,,,,,,,,,,,,,,,,,,,,,,,,,,,,,,,,,,,,,,,,,,,,,,,,,,,,,,,,,,,,,,,,,,,,,,,,,,,,,,,,,,,,,,,,,,,,,,,,,,,,,,,,,,,,,,,,,,,,,,,,,,,,,,,,,,,,,,,,,,,,,,,,,,,,,,,,,,,,,,,,,,,,,,,,,,,,,,,,,,,,,,,,,,,,,,,,,,,,,,,,,,,,,,,,,,,,,,,,,,,,,,,,,,,,,,,,,,,,,,,,,,,,,,,,,,,,,,,,,,,,,,,,,,,,,,,,,,,,,,,,,,,,,,,,,,,,,,,,,,,,,,,,,,,,,,,,,,,,,,,,,,,,,,,,,,,,,,,,,,,,,,,,,,,,,,,,,,,,,,,,,,,,,,,,,,,,,,,,,,,,,,,,,,,,,,,,,,,,,,,,,,,,,,,,,,,,,,,,,,,,,,,,,,,,,,,,,,,,,,,,,,,,,,,,,,,,,,,,,,,,,,,,,,,,,,,,,,,,,,,,,,,,,,,,,,,,,,,,,,,,,,,,,,,,,,,,,,,,,,,,,,,,,,,,,,,,,,,,,,,,,,,,,,,,,,,,,,,,,,,,,,,,,,,,,,,,,,,,,,,,,,,,,,,,,,,,,,,,,,,,,,,,,,,,,,,,,
Normalization Parameters inputs,1,PARAM,2465,3990,4490,,,,,,,,,,,,,,,,,,,,,,,,,,,,,,,,,,,,,,,,,,,,,,,,,,,,,,,,,,,,,,,,,,,,,,,,,,,,,,,,,,,,,,,,,,,,,,,,,,,,,,,,,,,,,,,,,,,,,,,,,,,,,,,,,,,,,,,,,,,,,,,,,,,,,,,,,,,,,,,,,,,,,,,,,,,,,,,,,,,,,,,,,,,,,,,,,,,,,,,,,,,,,,,,,,,,,,,,,,,,,,,,,,,,,,,,,,,,,,,,,,,,,,,,,,,,,,,,,,,,,,,,,,,,,,,,,,,,,,,,,,,,,,,,,,,,,,,,,,,,,,,,,,,,,,,,,,,,,,,,,,,,,,,,,,,,,,,,,,,,,,,,,,,,,,,,,,,,,,,,,,,,,,,,,,,,,,,,,,,,,,,,,,,,,,,,,,,,,,,,,,,,,,,,,,,,,,,,,,,,,,,,,,,,,,,,,,,,,,,,,,,,,,,,,,,,,,,,,,,,,,,,,,,,,,,,,,,,,,,,,,,,,,,,,,,,,,,,,,,,,,,,,,,,,,,,,,,,,,,,,,,,,,,,,,,,,,,,,,,,,,,,,,,,,,,,,,,,,,,,,,,,,,,,,,,,,,,,,,,,,,,,,,,,,,,,,,,,,,,,,,,,,,,,,,,,,,,,,,,,,,,,,,,,,,,,,,,,,,,,,,,,,,,,,,,,,,,,,,,,,,,,,,,,,,,,,,,,,,,,,,,,,,,,,,,,,,,,,,,,,,,,,,,,,,,,,,,,,,,,,,,,,,,,,,,,,,,,,,,,,,,,,,,,,,,,,,,,,,,,,,,,,,,,,,,,,,,,,,,,,,,,,,,,,,,,,,,,,,,,,,,,,,,,,,,,,,,,,,,,,,,,,,,,,,,,,,,,,,,,,,,,,,,,,,,,,,,,,,,,,,,,,,,,,,,,,,,,,,,,,,,,,,,,,,,,,,,,
Normalization Parameters inputs,2,PARAM,-1335,0,1335,,,,,,,,,,,,,,,,,,,,,,,,,,,,,,,,,,,,,,,,,,,,,,,,,,,,,,,,,,,,,,,,,,,,,,,,,,,,,,,,,,,,,,,,,,,,,,,,,,,,,,,,,,,,,,,,,,,,,,,,,,,,,,,,,,,,,,,,,,,,,,,,,,,,,,,,,,,,,,,,,,,,,,,,,,,,,,,,,,,,,,,,,,,,,,,,,,,,,,,,,,,,,,,,,,,,,,,,,,,,,,,,,,,,,,,,,,,,,,,,,,,,,,,,,,,,,,,,,,,,,,,,,,,,,,,,,,,,,,,,,,,,,,,,,,,,,,,,,,,,,,,,,,,,,,,,,,,,,,,,,,,,,,,,,,,,,,,,,,,,,,,,,,,,,,,,,,,,,,,,,,,,,,,,,,,,,,,,,,,,,,,,,,,,,,,,,,,,,,,,,,,,,,,,,,,,,,,,,,,,,,,,,,,,,,,,,,,,,,,,,,,,,,,,,,,,,,,,,,,,,,,,,,,,,,,,,,,,,,,,,,,,,,,,,,,,,,,,,,,,,,,,,,,,,,,,,,,,,,,,,,,,,,,,,,,,,,,,,,,,,,,,,,,,,,,,,,,,,,,,,,,,,,,,,,,,,,,,,,,,,,,,,,,,,,,,,,,,,,,,,,,,,,,,,,,,,,,,,,,,,,,,,,,,,,,,,,,,,,,,,,,,,,,,,,,,,,,,,,,,,,,,,,,,,,,,,,,,,,,,,,,,,,,,,,,,,,,,,,,,,,,,,,,,,,,,,,,,,,,,,,,,,,,,,,,,,,,,,,,,,,,,,,,,,,,,,,,,,,,,,,,,,,,,,,,,,,,,,,,,,,,,,,,,,,,,,,,,,,,,,,,,,,,,,,,,,,,,,,,,,,,,,,,,,,,,,,,,,,,,,,,,,,,,,,,,,,,,,,,,,,,,,,,,,,,,,,,,,,,,,,,,,,,,,,,,,,,,
Normalization Parameters inputs,3,PARAM,-2000,0,1995,,,,,,,,,,,,,,,,,,,,,,,,,,,,,,,,,,,,,,,,,,,,,,,,,,,,,,,,,,,,,,,,,,,,,,,,,,,,,,,,,,,,,,,,,,,,,,,,,,,,,,,,,,,,,,,,,,,,,,,,,,,,,,,,,,,,,,,,,,,,,,,,,,,,,,,,,,,,,,,,,,,,,,,,,,,,,,,,,,,,,,,,,,,,,,,,,,,,,,,,,,,,,,,,,,,,,,,,,,,,,,,,,,,,,,,,,,,,,,,,,,,,,,,,,,,,,,,,,,,,,,,,,,,,,,,,,,,,,,,,,,,,,,,,,,,,,,,,,,,,,,,,,,,,,,,,,,,,,,,,,,,,,,,,,,,,,,,,,,,,,,,,,,,,,,,,,,,,,,,,,,,,,,,,,,,,,,,,,,,,,,,,,,,,,,,,,,,,,,,,,,,,,,,,,,,,,,,,,,,,,,,,,,,,,,,,,,,,,,,,,,,,,,,,,,,,,,,,,,,,,,,,,,,,,,,,,,,,,,,,,,,,,,,,,,,,,,,,,,,,,,,,,,,,,,,,,,,,,,,,,,,,,,,,,,,,,,,,,,,,,,,,,,,,,,,,,,,,,,,,,,,,,,,,,,,,,,,,,,,,,,,,,,,,,,,,,,,,,,,,,,,,,,,,,,,,,,,,,,,,,,,,,,,,,,,,,,,,,,,,,,,,,,,,,,,,,,,,,,,,,,,,,,,,,,,,,,,,,,,,,,,,,,,,,,,,,,,,,,,,,,,,,,,,,,,,,,,,,,,,,,,,,,,,,,,,,,,,,,,,,,,,,,,,,,,,,,,,,,,,,,,,,,,,,,,,,,,,,,,,,,,,,,,,,,,,,,,,,,,,,,,,,,,,,,,,,,,,,,,,,,,,,,,,,,,,,,,,,,,,,,,,,,,,,,,,,,,,,,,,,,,,,,,,,,,,,,,,,,,,,,,,,,,,,,,,,,,,
Normalization Parameters inputs,4,PARAM,1,5,15,,,,,,,,,,,,,,,,,,,,,,,,,,,,,,,,,,,,,,,,,,,,,,,,,,,,,,,,,,,,,,,,,,,,,,,,,,,,,,,,,,,,,,,,,,,,,,,,,,,,,,,,,,,,,,,,,,,,,,,,,,,,,,,,,,,,,,,,,,,,,,,,,,,,,,,,,,,,,,,,,,,,,,,,,,,,,,,,,,,,,,,,,,,,,,,,,,,,,,,,,,,,,,,,,,,,,,,,,,,,,,,,,,,,,,,,,,,,,,,,,,,,,,,,,,,,,,,,,,,,,,,,,,,,,,,,,,,,,,,,,,,,,,,,,,,,,,,,,,,,,,,,,,,,,,,,,,,,,,,,,,,,,,,,,,,,,,,,,,,,,,,,,,,,,,,,,,,,,,,,,,,,,,,,,,,,,,,,,,,,,,,,,,,,,,,,,,,,,,,,,,,,,,,,,,,,,,,,,,,,,,,,,,,,,,,,,,,,,,,,,,,,,,,,,,,,,,,,,,,,,,,,,,,,,,,,,,,,,,,,,,,,,,,,,,,,,,,,,,,,,,,,,,,,,,,,,,,,,,,,,,,,,,,,,,,,,,,,,,,,,,,,,,,,,,,,,,,,,,,,,,,,,,,,,,,,,,,,,,,,,,,,,,,,,,,,,,,,,,,,,,,,,,,,,,,,,,,,,,,,,,,,,,,,,,,,,,,,,,,,,,,,,,,,,,,,,,,,,,,,,,,,,,,,,,,,,,,,,,,,,,,,,,,,,,,,,,,,,,,,,,,,,,,,,,,,,,,,,,,,,,,,,,,,,,,,,,,,,,,,,,,,,,,,,,,,,,,,,,,,,,,,,,,,,,,,,,,,,,,,,,,,,,,,,,,,,,,,,,,,,,,,,,,,,,,,,,,,,,,,,,,,,,,,,,,,,,,,,,,,,,,,,,,,,,,,,,,,,,,,,,,,,,,,,,,,,,,,,,,,,,,,,,,,,,,,,,,,
Normalization Parameters inputs,5,PARAM,5.56512,47.616,404.461,,,,,,,,,,,,,,,,,,,,,,,,,,,,,,,,,,,,,,,,,,,,,,,,,,,,,,,,,,,,,,,,,,,,,,,,,,,,,,,,,,,,,,,,,,,,,,,,,,,,,,,,,,,,,,,,,,,,,,,,,,,,,,,,,,,,,,,,,,,,,,,,,,,,,,,,,,,,,,,,,,,,,,,,,,,,,,,,,,,,,,,,,,,,,,,,,,,,,,,,,,,,,,,,,,,,,,,,,,,,,,,,,,,,,,,,,,,,,,,,,,,,,,,,,,,,,,,,,,,,,,,,,,,,,,,,,,,,,,,,,,,,,,,,,,,,,,,,,,,,,,,,,,,,,,,,,,,,,,,,,,,,,,,,,,,,,,,,,,,,,,,,,,,,,,,,,,,,,,,,,,,,,,,,,,,,,,,,,,,,,,,,,,,,,,,,,,,,,,,,,,,,,,,,,,,,,,,,,,,,,,,,,,,,,,,,,,,,,,,,,,,,,,,,,,,,,,,,,,,,,,,,,,,,,,,,,,,,,,,,,,,,,,,,,,,,,,,,,,,,,,,,,,,,,,,,,,,,,,,,,,,,,,,,,,,,,,,,,,,,,,,,,,,,,,,,,,,,,,,,,,,,,,,,,,,,,,,,,,,,,,,,,,,,,,,,,,,,,,,,,,,,,,,,,,,,,,,,,,,,,,,,,,,,,,,,,,,,,,,,,,,,,,,,,,,,,,,,,,,,,,,,,,,,,,,,,,,,,,,,,,,,,,,,,,,,,,,,,,,,,,,,,,,,,,,,,,,,,,,,,,,,,,,,,,,,,,,,,,,,,,,,,,,,,,,,,,,,,,,,,,,,,,,,,,,,,,,,,,,,,,,,,,,,,,,,,,,,,,,,,,,,,,,,,,,,,,,,,,,,,,,,,,,,,,,,,,,,,,,,,,,,,,,,,,,,,,,,,,,,,,,,,,,,,,,,,,,,,,,,,,,,,,,,,,,,,,,,
Normalization Parameters inputs,6,PARAM,-100887,46734.29167,18653940,,,,,,,,,,,,,,,,,,,,,,,,,,,,,,,,,,,,,,,,,,,,,,,,,,,,,,,,,,,,,,,,,,,,,,,,,,,,,,,,,,,,,,,,,,,,,,,,,,,,,,,,,,,,,,,,,,,,,,,,,,,,,,,,,,,,,,,,,,,,,,,,,,,,,,,,,,,,,,,,,,,,,,,,,,,,,,,,,,,,,,,,,,,,,,,,,,,,,,,,,,,,,,,,,,,,,,,,,,,,,,,,,,,,,,,,,,,,,,,,,,,,,,,,,,,,,,,,,,,,,,,,,,,,,,,,,,,,,,,,,,,,,,,,,,,,,,,,,,,,,,,,,,,,,,,,,,,,,,,,,,,,,,,,,,,,,,,,,,,,,,,,,,,,,,,,,,,,,,,,,,,,,,,,,,,,,,,,,,,,,,,,,,,,,,,,,,,,,,,,,,,,,,,,,,,,,,,,,,,,,,,,,,,,,,,,,,,,,,,,,,,,,,,,,,,,,,,,,,,,,,,,,,,,,,,,,,,,,,,,,,,,,,,,,,,,,,,,,,,,,,,,,,,,,,,,,,,,,,,,,,,,,,,,,,,,,,,,,,,,,,,,,,,,,,,,,,,,,,,,,,,,,,,,,,,,,,,,,,,,,,,,,,,,,,,,,,,,,,,,,,,,,,,,,,,,,,,,,,,,,,,,,,,,,,,,,,,,,,,,,,,,,,,,,,,,,,,,,,,,,,,,,,,,,,,,,,,,,,,,,,,,,,,,,,,,,,,,,,,,,,,,,,,,,,,,,,,,,,,,,,,,,,,,,,,,,,,,,,,,,,,,,,,,,,,,,,,,,,,,,,,,,,,,,,,,,,,,,,,,,,,,,,,,,,,,,,,,,,,,,,,,,,,,,,,,,,,,,,,,,,,,,,,,,,,,,,,,,,,,,,,,,,,,,,,,,,,,,,,,,,,,,,,,,,,,,,,,,,,,,,,,,,,,,,,,,,,,
Normalization Parameters inputs,7,PARAM,134.1888,40318.625,1184253,,,,,,,,,,,,,,,,,,,,,,,,,,,,,,,,,,,,,,,,,,,,,,,,,,,,,,,,,,,,,,,,,,,,,,,,,,,,,,,,,,,,,,,,,,,,,,,,,,,,,,,,,,,,,,,,,,,,,,,,,,,,,,,,,,,,,,,,,,,,,,,,,,,,,,,,,,,,,,,,,,,,,,,,,,,,,,,,,,,,,,,,,,,,,,,,,,,,,,,,,,,,,,,,,,,,,,,,,,,,,,,,,,,,,,,,,,,,,,,,,,,,,,,,,,,,,,,,,,,,,,,,,,,,,,,,,,,,,,,,,,,,,,,,,,,,,,,,,,,,,,,,,,,,,,,,,,,,,,,,,,,,,,,,,,,,,,,,,,,,,,,,,,,,,,,,,,,,,,,,,,,,,,,,,,,,,,,,,,,,,,,,,,,,,,,,,,,,,,,,,,,,,,,,,,,,,,,,,,,,,,,,,,,,,,,,,,,,,,,,,,,,,,,,,,,,,,,,,,,,,,,,,,,,,,,,,,,,,,,,,,,,,,,,,,,,,,,,,,,,,,,,,,,,,,,,,,,,,,,,,,,,,,,,,,,,,,,,,,,,,,,,,,,,,,,,,,,,,,,,,,,,,,,,,,,,,,,,,,,,,,,,,,,,,,,,,,,,,,,,,,,,,,,,,,,,,,,,,,,,,,,,,,,,,,,,,,,,,,,,,,,,,,,,,,,,,,,,,,,,,,,,,,,,,,,,,,,,,,,,,,,,,,,,,,,,,,,,,,,,,,,,,,,,,,,,,,,,,,,,,,,,,,,,,,,,,,,,,,,,,,,,,,,,,,,,,,,,,,,,,,,,,,,,,,,,,,,,,,,,,,,,,,,,,,,,,,,,,,,,,,,,,,,,,,,,,,,,,,,,,,,,,,,,,,,,,,,,,,,,,,,,,,,,,,,,,,,,,,,,,,,,,,,,,,,,,,,,,,,,,,,,,,,,,,,,,,,,
Normalization Parameters inputs,8,PARAM,0,0,90188.52356,,,,,,,,,,,,,,,,,,,,,,,,,,,,,,,,,,,,,,,,,,,,,,,,,,,,,,,,,,,,,,,,,,,,,,,,,,,,,,,,,,,,,,,,,,,,,,,,,,,,,,,,,,,,,,,,,,,,,,,,,,,,,,,,,,,,,,,,,,,,,,,,,,,,,,,,,,,,,,,,,,,,,,,,,,,,,,,,,,,,,,,,,,,,,,,,,,,,,,,,,,,,,,,,,,,,,,,,,,,,,,,,,,,,,,,,,,,,,,,,,,,,,,,,,,,,,,,,,,,,,,,,,,,,,,,,,,,,,,,,,,,,,,,,,,,,,,,,,,,,,,,,,,,,,,,,,,,,,,,,,,,,,,,,,,,,,,,,,,,,,,,,,,,,,,,,,,,,,,,,,,,,,,,,,,,,,,,,,,,,,,,,,,,,,,,,,,,,,,,,,,,,,,,,,,,,,,,,,,,,,,,,,,,,,,,,,,,,,,,,,,,,,,,,,,,,,,,,,,,,,,,,,,,,,,,,,,,,,,,,,,,,,,,,,,,,,,,,,,,,,,,,,,,,,,,,,,,,,,,,,,,,,,,,,,,,,,,,,,,,,,,,,,,,,,,,,,,,,,,,,,,,,,,,,,,,,,,,,,,,,,,,,,,,,,,,,,,,,,,,,,,,,,,,,,,,,,,,,,,,,,,,,,,,,,,,,,,,,,,,,,,,,,,,,,,,,,,,,,,,,,,,,,,,,,,,,,,,,,,,,,,,,,,,,,,,,,,,,,,,,,,,,,,,,,,,,,,,,,,,,,,,,,,,,,,,,,,,,,,,,,,,,,,,,,,,,,,,,,,,,,,,,,,,,,,,,,,,,,,,,,,,,,,,,,,,,,,,,,,,,,,,,,,,,,,,,,,,,,,,,,,,,,,,,,,,,,,,,,,,,,,,,,,,,,,,,,,,,,,,,,,,,,,,,,,,,,,,,,,,,,,,,,,,,,,,,,,,
Normalization Parameters inputs,9,PARAM,0,47827.63492,3721641098,,,,,,,,,,,,,,,,,,,,,,,,,,,,,,,,,,,,,,,,,,,,,,,,,,,,,,,,,,,,,,,,,,,,,,,,,,,,,,,,,,,,,,,,,,,,,,,,,,,,,,,,,,,,,,,,,,,,,,,,,,,,,,,,,,,,,,,,,,,,,,,,,,,,,,,,,,,,,,,,,,,,,,,,,,,,,,,,,,,,,,,,,,,,,,,,,,,,,,,,,,,,,,,,,,,,,,,,,,,,,,,,,,,,,,,,,,,,,,,,,,,,,,,,,,,,,,,,,,,,,,,,,,,,,,,,,,,,,,,,,,,,,,,,,,,,,,,,,,,,,,,,,,,,,,,,,,,,,,,,,,,,,,,,,,,,,,,,,,,,,,,,,,,,,,,,,,,,,,,,,,,,,,,,,,,,,,,,,,,,,,,,,,,,,,,,,,,,,,,,,,,,,,,,,,,,,,,,,,,,,,,,,,,,,,,,,,,,,,,,,,,,,,,,,,,,,,,,,,,,,,,,,,,,,,,,,,,,,,,,,,,,,,,,,,,,,,,,,,,,,,,,,,,,,,,,,,,,,,,,,,,,,,,,,,,,,,,,,,,,,,,,,,,,,,,,,,,,,,,,,,,,,,,,,,,,,,,,,,,,,,,,,,,,,,,,,,,,,,,,,,,,,,,,,,,,,,,,,,,,,,,,,,,,,,,,,,,,,,,,,,,,,,,,,,,,,,,,,,,,,,,,,,,,,,,,,,,,,,,,,,,,,,,,,,,,,,,,,,,,,,,,,,,,,,,,,,,,,,,,,,,,,,,,,,,,,,,,,,,,,,,,,,,,,,,,,,,,,,,,,,,,,,,,,,,,,,,,,,,,,,,,,,,,,,,,,,,,,,,,,,,,,,,,,,,,,,,,,,,,,,,,,,,,,,,,,,,,,,,,,,,,,,,,,,,,,,,,,,,,,,,,,,,,,,,,,,,,,,,,,,,,,,,,,,,,,,,,
Normalization Parameters inputs,10,PARAM,0,4.934371856,2490.472434,,,,,,,,,,,,,,,,,,,,,,,,,,,,,,,,,,,,,,,,,,,,,,,,,,,,,,,,,,,,,,,,,,,,,,,,,,,,,,,,,,,,,,,,,,,,,,,,,,,,,,,,,,,,,,,,,,,,,,,,,,,,,,,,,,,,,,,,,,,,,,,,,,,,,,,,,,,,,,,,,,,,,,,,,,,,,,,,,,,,,,,,,,,,,,,,,,,,,,,,,,,,,,,,,,,,,,,,,,,,,,,,,,,,,,,,,,,,,,,,,,,,,,,,,,,,,,,,,,,,,,,,,,,,,,,,,,,,,,,,,,,,,,,,,,,,,,,,,,,,,,,,,,,,,,,,,,,,,,,,,,,,,,,,,,,,,,,,,,,,,,,,,,,,,,,,,,,,,,,,,,,,,,,,,,,,,,,,,,,,,,,,,,,,,,,,,,,,,,,,,,,,,,,,,,,,,,,,,,,,,,,,,,,,,,,,,,,,,,,,,,,,,,,,,,,,,,,,,,,,,,,,,,,,,,,,,,,,,,,,,,,,,,,,,,,,,,,,,,,,,,,,,,,,,,,,,,,,,,,,,,,,,,,,,,,,,,,,,,,,,,,,,,,,,,,,,,,,,,,,,,,,,,,,,,,,,,,,,,,,,,,,,,,,,,,,,,,,,,,,,,,,,,,,,,,,,,,,,,,,,,,,,,,,,,,,,,,,,,,,,,,,,,,,,,,,,,,,,,,,,,,,,,,,,,,,,,,,,,,,,,,,,,,,,,,,,,,,,,,,,,,,,,,,,,,,,,,,,,,,,,,,,,,,,,,,,,,,,,,,,,,,,,,,,,,,,,,,,,,,,,,,,,,,,,,,,,,,,,,,,,,,,,,,,,,,,,,,,,,,,,,,,,,,,,,,,,,,,,,,,,,,,,,,,,,,,,,,,,,,,,,,,,,,,,,,,,,,,,,,,,,,,,,,,,,,,,,,,,,,,,,,,,,,,,,,,,,,
Normalization Parameters inputs,11,PARAM,0,4,15,,,,,,,,,,,,,,,,,,,,,,,,,,,,,,,,,,,,,,,,,,,,,,,,,,,,,,,,,,,,,,,,,,,,,,,,,,,,,,,,,,,,,,,,,,,,,,,,,,,,,,,,,,,,,,,,,,,,,,,,,,,,,,,,,,,,,,,,,,,,,,,,,,,,,,,,,,,,,,,,,,,,,,,,,,,,,,,,,,,,,,,,,,,,,,,,,,,,,,,,,,,,,,,,,,,,,,,,,,,,,,,,,,,,,,,,,,,,,,,,,,,,,,,,,,,,,,,,,,,,,,,,,,,,,,,,,,,,,,,,,,,,,,,,,,,,,,,,,,,,,,,,,,,,,,,,,,,,,,,,,,,,,,,,,,,,,,,,,,,,,,,,,,,,,,,,,,,,,,,,,,,,,,,,,,,,,,,,,,,,,,,,,,,,,,,,,,,,,,,,,,,,,,,,,,,,,,,,,,,,,,,,,,,,,,,,,,,,,,,,,,,,,,,,,,,,,,,,,,,,,,,,,,,,,,,,,,,,,,,,,,,,,,,,,,,,,,,,,,,,,,,,,,,,,,,,,,,,,,,,,,,,,,,,,,,,,,,,,,,,,,,,,,,,,,,,,,,,,,,,,,,,,,,,,,,,,,,,,,,,,,,,,,,,,,,,,,,,,,,,,,,,,,,,,,,,,,,,,,,,,,,,,,,,,,,,,,,,,,,,,,,,,,,,,,,,,,,,,,,,,,,,,,,,,,,,,,,,,,,,,,,,,,,,,,,,,,,,,,,,,,,,,,,,,,,,,,,,,,,,,,,,,,,,,,,,,,,,,,,,,,,,,,,,,,,,,,,,,,,,,,,,,,,,,,,,,,,,,,,,,,,,,,,,,,,,,,,,,,,,,,,,,,,,,,,,,,,,,,,,,,,,,,,,,,,,,,,,,,,,,,,,,,,,,,,,,,,,,,,,,,,,,,,,,,,,,,,,,,,,,,,,,,,,,,,,,,,,
Normalization Parameters inputs,12,PARAM,0,1,1,,,,,,,,,,,,,,,,,,,,,,,,,,,,,,,,,,,,,,,,,,,,,,,,,,,,,,,,,,,,,,,,,,,,,,,,,,,,,,,,,,,,,,,,,,,,,,,,,,,,,,,,,,,,,,,,,,,,,,,,,,,,,,,,,,,,,,,,,,,,,,,,,,,,,,,,,,,,,,,,,,,,,,,,,,,,,,,,,,,,,,,,,,,,,,,,,,,,,,,,,,,,,,,,,,,,,,,,,,,,,,,,,,,,,,,,,,,,,,,,,,,,,,,,,,,,,,,,,,,,,,,,,,,,,,,,,,,,,,,,,,,,,,,,,,,,,,,,,,,,,,,,,,,,,,,,,,,,,,,,,,,,,,,,,,,,,,,,,,,,,,,,,,,,,,,,,,,,,,,,,,,,,,,,,,,,,,,,,,,,,,,,,,,,,,,,,,,,,,,,,,,,,,,,,,,,,,,,,,,,,,,,,,,,,,,,,,,,,,,,,,,,,,,,,,,,,,,,,,,,,,,,,,,,,,,,,,,,,,,,,,,,,,,,,,,,,,,,,,,,,,,,,,,,,,,,,,,,,,,,,,,,,,,,,,,,,,,,,,,,,,,,,,,,,,,,,,,,,,,,,,,,,,,,,,,,,,,,,,,,,,,,,,,,,,,,,,,,,,,,,,,,,,,,,,,,,,,,,,,,,,,,,,,,,,,,,,,,,,,,,,,,,,,,,,,,,,,,,,,,,,,,,,,,,,,,,,,,,,,,,,,,,,,,,,,,,,,,,,,,,,,,,,,,,,,,,,,,,,,,,,,,,,,,,,,,,,,,,,,,,,,,,,,,,,,,,,,,,,,,,,,,,,,,,,,,,,,,,,,,,,,,,,,,,,,,,,,,,,,,,,,,,,,,,,,,,,,,,,,,,,,,,,,,,,,,,,,,,,,,,,,,,,,,,,,,,,,,,,,,,,,,,,,,,,,,,,,,,,,,,,,,,,,,,,,,,,,,
Weight,0,-0.007166942,0.13520886,-0.452677369,-0.647989452,-0.264388353,0.012346601,-0.006239393,0.020411355,0.34478274,-0.726355791,-0.756868005,-0.896750808,0.292155653,-0.270015597,-0.540960431,-0.00257289,0.17569828,0.602832615,0.106877893,-0.051429514,0.222319439,0.157315746,0.164717361,-0.865457773,-0.115346655,0.090834759,-0.45553562,0.070868194,-0.07286901,0.653033733,0.006581688,-0.010179698,0.001852816,0.00041589,0.022954384,-0.149208918,-0.042795394,-0.006280302,-0.308604002,0.004275579,0.017128717,0.032155462,-0.184187576,-0.049476497,-0.020059252,-0.132667929,0.022916909,-0.031991597,-0.006387863,0.015212443,-0.040267445,-0.0363569,-0.002057933,0.040999997,-0.004336985,-0.031977806,0.025064684,-0.090047434,-0.029018641,-0.041216813,-0.240525037,-2.146971941,-0.695500731,1.534262061,-0.207450956,1.591743946,-0.532171786,-0.23937811,-0.113584809,-0.387447566,-0.948774815,2.20598197,2.026685476,0.021388803,-0.968657851,1.21216917,-0.358141094,-0.436580956,-0.654540002,-0.122741424,0.355868697,-1.464793921,-0.832966983,-0.052563723,-0.463287264,0.090197012,-1.545336246,-0.227538124,-0.137930125,-1.17694056,-0.006708961,0.074499339,0.059462652,0.033818953,-0.070703715,-0.548023522,-0.054727856,0.09360975,1.939199328,0.071225226,0.022630861,-0.055052634,-0.46963653,-0.076507948,0.027576827,-0.0010102,-0.137148336,0.065162584,-0.045712668,-0.015836876,1.714138269,0.026539275,0.006494804,0.058023691,-0.045177769,0.051821891,-0.037722882,-0.068131395,-0.403202504,-0.003649373,-1.784478188,0.445211917,-0.649752617,-0.382510811,-0.078985974,2.480232477,2.515965223,-2.985394478,-1.408104062,-2.504602194,-0.075487122,-1.342865467,-1.191512585,-0.609474659,1.025033712,0.306952775,0.33054778,1.508343458,2.344822407,-0.611047626,0.297383517,0.200320855,-1.479054332,0.893455088,2.489162922,1.133649111,0.98506242,2.63571763,0.457066804,0.523532689,-2.086035728,1.116062999,0.431462884,0.047953252,2.538997173,1.026162267,-0.496968657,-1.85690999,-1.912700415,0.655127704,-0.378275067,-1.711946368,-2.389934778,-0.037681028,0.1314518,-0.468512714,0.963165343,1.943882942,-0.252461582,0.595626891,-0.898874223,0.270508498,1.370348215,-1.140837073,-0.226762846,-0.587357521,-0.615294397,-0.318903834,0.429359972,1.048862934,0.08111456,0.470516026,0.105529472,1.068244934,-1.783804059,-0.291607589,-0.246734768,0.114931099,0.156882808,-0.764755547,0.156974152,0.284237176,-0.779878497,-0.378757119,-0.454123378,-0.207064748,-1.524824619,-1.924732089,0.369502544,-0.592948794,0.282284915,-0.435259908,-0.055742484,-0.149898812,0.203738272,-0.457689434,0.28877902,0.119496167,0.655070186,0.988142312,-0.909434497,-0.448032856,-0.237102285,-0.383197516,0.389480263,-1.870725632,0.569975674,3.214108467,-0.680983305,-0.058721632,0.57339102,0.247578174,-1.169835806,-0.078424506,0.013798404,0.333660722,-0.113458604,-0.643830717,0.066710927,-2.37035346,0.617484868,-1.090551019,-0.671557486,0.072951168,-0.008848847,-0.988473773,-0.035149194,0.507156551,0.075843267,-0.702220798,0.33268404,-0.589079678,0.119897082,0.152090192,-1.075868964,-0.400277555,-0.064032994,0.079562254,-0.046482008,-0.285595715,-0.046794094,-0.096702434,0.151409715,-0.355057478,-0.155831203,0.136829615,0.288565457,-0.52426064,0.164831206,-0.284959555,0.320624083,-0.127028808,0.346477211,-0.621880293,-0.078310989,0.094586685,0.254421622,0.205555335,0.273127288,0.425300717,3.316367388,-0.353670329,0.119376428,0.120136276,-0.148104757,0.043060616,0.08414647,0.243541628,2.743505239,-0.125600442,-0.00353913,1.845523119,3.610934973,-0.261891842,-0.047813412,0.429143429,0.186404496,-0.117730677,-0.022459026,2.570191622,-0.285232574,0.318250269,-0.011704106,-0.02404519,0.082578532,0.095788747,0.703315258,-0.26256749,-0.676861346,-0.099628672,-0.177036554,0.221429572,1.239366412,0.523152232,0.620535612,-0.645909548,0.003380004,0.421929985,-0.122273237,-0.107070759,-0.014615924,-0.140946284,-0.378353268,2.078986168,-0.025154782,0.60698992,-1.041061044,0.203845441,-0.111324564,-0.074615315,-0.652860582,-0.055675667,0.052873965,-0.450532645,-0.143451452,0.096489042,-0.123301208,-0.106762335,-0.231594101,0.196760714,-0.52718693,0.07111872,-0.423190892,-0.237053171,0.391811043,0.382097691,0.329902232,-0.219341412,-0.407374054,0.146921232,-0.091106437,-0.153841481,-0.234602943,-0.709242642,0.068031527,-0.96656841,1.435363054,0.218287453,-0.020099305,0.948715806,0.205378562,-0.302428842,0.033031978,-0.015775176,-0.680678606,1.057311296,0.003683492,-0.080970593,0.048769392,0.579696119,0.038949601,-0.087759688,-0.041379258,-0.07598336,0.391548425,0.682325184,-0.065521583,-0.257952213,0.068535008,-0.058206681,-0.147974253,-0.230263129,-0.252350032,-0.08357127,-0.06238059,0.028628908,-0.55308193,-0.161921367,0.01856132,-0.314866841,-0.173856542,0.255449533,0.104617387,0.159937054,-0.011348004,0.385550231,-0.065740868,-0.013770382,0.481044412,0.153984964,,,,,,,,,,,,,,,,,,,,,,,,,,,,,,,,,,,,,,,,,,,,,,,,,,,,,,,,,,,,,,,,,,,,,,,,,,,,,,,,,,,,,,,,,,,,,,,,,,,,,,,,,,,,,,,,,,,,,,,,,,,,,,,,,,,,,,,,,,,,,,,,,,,,,,,,,,,,,,,,,,,,,,,,,,,,,,,,,,,,,,,,,,,,,,,,,,,,,,,,,,,,,,,,,,,,,,,,,,,,,,,,,,,,,,,,,,,,,,,,,,,,,,,,,,,,,,,,,,,,,,,,,,,,,,,,,,,,,,,,,,,,,,,,,,,,,,,,,,,,,,,,,,,,,,,,,,,,,,,,,,,,,,,,,,,,,,,,,,,,,,,,,,,,,,,,,,,,,,,,,,,,,,,,,,,,,,,,,,,,,,,,,,,,,,,,,,,,,,,,,,,,,,,,,,,,,,,,,,,,,,,,,,,,,,,,,,,,,,,,,,,,,,,,,,,,,,,,,,,,,,,,,,,,,,,,,,,,,,,,,,,,,,,,,,,,,,,,,,,,,,,,,,,,,,
Bias,0,0.133357987,0.789487064,-0.598665416,-0.48183769,-0.195458934,-0.319621146,-0.222401038,0.347968698,-0.87268734,-1.27406466,-0.449492455,-0.446259439,-1.23867774,-1.574048281,1.394985557,0.088539794,-0.867577076,1.026262999,1.44828248,0.306992918,-1.331540704,0.142289862,-0.808314264,-0.084267795,-0.837516129,-0.056371804,-2.127898932,-2.21269846,-0.341230094,-2.14170289,,,,,,,,,,,,,,,,,,,,,,,,,,,,,,,,,,,,,,,,,,,,,,,,,,,,,,,,,,,,,,,,,,,,,,,,,,,,,,,,,,,,,,,,,,,,,,,,,,,,,,,,,,,,,,,,,,,,,,,,,,,,,,,,,,,,,,,,,,,,,,,,,,,,,,,,,,,,,,,,,,,,,,,,,,,,,,,,,,,,,,,,,,,,,,,,,,,,,,,,,,,,,,,,,,,,,,,,,,,,,,,,,,,,,,,,,,,,,,,,,,,,,,,,,,,,,,,,,,,,,,,,,,,,,,,,,,,,,,,,,,,,,,,,,,,,,,,,,,,,,,,,,,,,,,,,,,,,,,,,,,,,,,,,,,,,,,,,,,,,,,,,,,,,,,,,,,,,,,,,,,,,,,,,,,,,,,,,,,,,,,,,,,,,,,,,,,,,,,,,,,,,,,,,,,,,,,,,,,,,,,,,,,,,,,,,,,,,,,,,,,,,,,,,,,,,,,,,,,,,,,,,,,,,,,,,,,,,,,,,,,,,,,,,,,,,,,,,,,,,,,,,,,,,,,,,,,,,,,,,,,,,,,,,,,,,,,,,,,,,,,,,,,,,,,,,,,,,,,,,,,,,,,,,,,,,,,,,,,,,,,,,,,,,,,,,,,,,,,,,,,,,,,,,,,,,,,,,,,,,,,,,,,,,,,,,,,,,,,,,,,,,,,,,,,,,,,,,,,,,,,,,,,,,,,,,,,,,,,,,,,,,,,,,,,,,,,,,,,,,,,,,,,,,,,,,,,,,,,,,,,,,,,,,,,,,,,,,,,,,,,,,,,,,,,,,,,,,,,,,,,,,,,,,,,,,,,,,,,,,,,,,,,,,,,,,,,,,,,,,,,,,,,,,,,,,,,,,,,,,,,,,,,,,,,,,,,,,,,,,,,,,,,,,,,,,,,,,,,,,,,,,,,,,,,
Weight,1,-0.051701516,0.232454747,-0.065468609,0.574877739,-0.145366371,0.435068399,-0.641827822,-0.812638521,-0.487533271,0.010378402,-1.625089169,0.120596871,0.041283797,-0.690062582,-4.616315842,-0.306295902,0.345304638,-0.711963475,0.583340943,0.448311031,0.013104157,0.160802126,-0.364521563,-0.062029317,0.793825388,-0.21942918,-0.150138542,-1.19576776,0.934621632,-0.379852116,0.110390849,-0.772853911,0.414843678,-0.2563546,0.049610317,0.724702656,0.845611513,-1.708603978,-1.484462023,-0.323530793,-1.204803705,-0.604012847,0.136532903,0.744917452,0.395944059,-0.86141324,-0.090572856,-0.275218546,-0.15075098,0.673738062,0.194655567,-0.019436399,0.618793428,-0.424979895,0.999824107,-1.273818374,0.368008643,-0.800670266,-0.321234375,-0.088313833,0.255165249,-0.364047736,0.901964545,0.564261436,0.612610877,-0.422104299,0.132204533,-7.094235897,0.046033386,-0.081172168,-0.232689321,0.296761423,-0.033072319,-0.086577415,-0.793918669,0.080949463,0.363598019,-0.647464931,-0.423252463,1.152239561,0.140984416,0.300489873,-0.522058904,0.014493892,-0.429590374,-0.360305548,-0.713158727,-0.49591735,0.57824415,0.222945035,-0.07573764,0.839289308,-0.355321229,-0.462858945,-0.283775687,0.305044055,-0.162570775,0.006392424,0.392187595,-0.646945596,0.066097103,0.386394918,-0.368364394,0.484637201,-0.025619529,0.000424879,-0.128366426,-0.430749744,0.81959945,-0.541137874,-0.120628998,-0.224784911,-0.189957589,0.517088413,-0.282088548,-0.266419232,-0.090249553,0.050914057,0.160796136,-0.802900136,0.322901011,-0.322918355,0.299762279,-0.717975378,-0.213618532,0.525089502,0.056935981,0.176000044,0.429020464,0.072351947,1.036214948,0.687825382,-0.337178081,0.039975643,0.541900694,0.400476992,-0.148222566,-0.819342136,-1.114787221,-1.366851449,0.625272334,-0.075654417,0.123763204,-0.147500455,0.358004838,-0.202515781,-0.352824986,0.137846097,-7.840899467,-1.019948125,-0.102761798,0.319330603,0.326747954,-0.555454016,0.200758815,0.104549631,0.508311391,-1.431343913,0.193978846,1.066728115,-0.46669662,-0.029425044,0.437149793,-0.585995138,-2.720209837,0.101942122,0.082305506,-0.00034078,-0.078382291,-0.003258781,0.246485829,-0.013308336,-0.821525872,0.573302209,0.140176505,-0.210223153,-0.359488994,-0.39774254,-1.929890037,1.441786766,0.003977767,-0.078580156,0.1797169,-0.034300815,1.350920796,0.093106046,0.381360412,0.055065703,0.076528922,0.565490425,0.315850139,-0.648512542,-0.125526309,0.167204067,0.129117578,0.189087942,-0.118237048,-0.456501365,-0.648918927,0.049646389,-0.08504165,0.880642653,0.328965604,0.262622148,0.348165691,-0.053744223,0.038017105,0.314135641,-0.305532098,0.07884752,-1.007462859,0.350298405,0.446021497,-1.703168511,0.202649981,-0.185679391,0.484941125,-0.131187588,-0.051498882,-0.377428651,-1.775911689,-0.464145809,0.936521888,-0.995717764,0.7942577,0.246132642,0.047948886,0.853458285,-0.020281309,-0.984067738,-1.62117362,0.252319962,0.535461009,-0.45466733,0.735696614,1.100165486,-0.068079844,-0.427638471,0.405663818,0.134009376,-0.832090497,0.708790481,-0.193828702,-0.054256938,-0.09488523,-0.157305524,0.256313175,0.01902258,0.810915947,-1.262520313,-0.707508624,-0.279039621,1.195190549,-0.341422856,-0.50951612,0.768576264,-0.186510623,0.761442423,-0.331325918,-0.469870031,0.19576177,-0.542358637,-0.315994203,-0.48380065,0.473066181,-0.534209132,0.163925514,0.426622659,0.400049865,-0.819264472,0.349330902,0.685380042,0.136893004,-1.193280816,-1.925624967,0.430694252,-1.861259937,0.071490154,0.092692502,-3.826742411,-0.13482143,0.458824128,-0.09590777,-0.385472506,-0.079083994,-0.757332742,-0.333028078,-0.106271163,-0.98177731,-0.68354243,0.23441495,-0.378736556,-1.913152695,-0.644049942,0.086901352,0.059511565,-1.174856663,-1.845986009,-0.40359816,-2.909048319,-0.113071531,-0.058970656,-0.133194983,-0.020302789,0.224442303,0.523768604,-1.959040523,0.262026876,0.179884776,0.947488427,0.07165695,-0.370450974,0.335718513,0.87411356,0.068022914,0.992763698,0.091010123,0.227580711,0.667327166,-0.297507226,0.851051271,0.331611514,0.581754982,-0.409966081,0.234562278,-0.19451569,0.131887853,0.556830943,-0.237583816,-0.500467896,0.166570872,0.855034292,0.120893925,0.079347268,-0.318415195,-0.077580594,1.612308502,1.437353969,-1.313237906,-0.169072613,-0.956450045,0.086792216,-0.187136009,-0.462527543,-0.314619124,-1.052492261,-0.454408884,-0.228032708,-1.178346515,0.54276216,-1.346908808,0.298613697,-0.150444657,1.751394272,0.167785466,0.62621069,-0.17646274,1.881083846,-0.316296726,0.414781541,1.086615205,-0.46999231,-0.235469282,-0.068428211,0.144961253,0.414059043,-0.395964861,0.91509819,-0.46380347,0.539715886,0.595625579,-0.175549939,-0.656331956,0.76221025,4.616262436,-2.275671244,0.129703432,-1.095560193,0.225338653,-0.002963732,-0.165746689,0.275347501,-0.354316682,0.925878704,-0.378925025,0.045683935,-0.712997615,-0.262117267,-0.385836542,0.240246415,-1.210385323,0.080564938,-1.482385039,-2.728176832,-0.105739959,0.534399807,-0.005471255,-11.05593109,-0.1521696,0.66723603,-14.01429939,-0.210550293,0.065079629,-0.732497573,0.646599412,-0.136887178,-0.331548214,0.964776039,0.327405721,-0.682125688,-0.4757016,0.574912786,-0.075779192,0.313931704,-0.041971307,1.043898106,-0.378040403,0.055784985,0.445732534,-0.643860877,0.566401958,0.147016272,0.460219383,0.690994084,0.198540509,-0.365508765,-0.441530764,0.615764618,0.87656647,0.775075614,0.48839891,0.365723252,0.785236478,-0.199905813,0.586673558,-0.771737456,0.355601072,0.405571133,-0.306772023,-0.003076786,0.651929617,0.233036712,-1.07121563,-0.020086564,0.190651223,0.652037978,1.1344347,0.110574789,0.148664221,-0.06039495,0.087797232,-0.506995976,0.182774842,0.426217198,-0.041875325,0.273159772,0.64991492,-1.240816355,0.79052043,-0.861434758,0.788322687,0.681950152,-0.500582337,0.266931504,-0.638716161,-0.263383299,-0.158371568,-0.524358749,-0.574585259,0.276839674,-0.196047708,0.204979196,0.723366737,-0.853102028,-0.946406603,0.276004374,-0.292737424,0.22971043,-0.365291715,0.263989151,0.345723927,0.522617519,0.55218792,0.075867757,0.259172618,-0.507136822,0.347042084,0.036677171,0.339946359,-0.390708745,0.917776585,0.045837156,-0.248185173,-0.441967219,-0.800455689,0.549521446,0.08747156,-0.232135087,-0.077720903,0.106220752,-0.319766313,-0.019066654,0.656828523,-0.285316497,0.017337892,0.28654319,-1.741142035,1.183720469,0.090388618,-1.230405092,0.712364435,0.194941118,-1.057251573,0.317418933,-0.217650443,0.052052751,0.351415694,1.246908426,-0.288465261,1.195466518,0.834909201,0.194668368,-0.69488287,0.798875511,-0.585499465,-0.464271188,-0.136624575,-0.004324983,0.699585438,0.909887493,0.248611137,-0.131505951,0.06688711,-3.54110527,-0.873407722,-0.810878813,0.67283839,-1.085272431,-1.508893609,-0.494182616,0.280203283,0.010980263,-0.063934691,0.111380205,-0.122702286,-0.217438146,-0.90803504,-0.070449501,-0.088678479,-0.784304082,0.079599924,0.549248517,-0.026227647,0.213742539,-0.218089968,0.487754136,1.059454083,0.336927772,-0.093067363,-0.016319729,-0.004768508,0.598888576,-0.398481876,0.506323099,-0.310695559,-0.164818063,-0.727213323,-0.127132773,-0.268337101,-0.206059411,-0.038071647,-0.165735945,0.769895017,0.279552132,0.372889459,-0.414103389,-0.281213254,-0.770908535,-0.801410258,0.464794189,-1.099393368,-0.512161732,0.357200235,0.443515509,-3.608218193,-0.975203633,0.097076178,0.745431364,0.137776658,-1.138444901,0.280964643,-0.046032574,0.761096358,-1.127869487,-0.481293052,-0.045922227,0.3593584,-0.018666016,-0.893113613,0.389692754,-0.405771911,0.191836923,-0.602009773,0.280067891,-0.555488408,0.298386097,1.227884531,-0.981924295,0.696479976,-0.099274382,-1.099011183,0.129201323,0.28487739,-0.394944221,-0.018456098,1.059996128,-0.150672808,0.63722086,0.174485102,-0.037458163,0.064618424,-0.423613161,-0.555580139,-0.723074734,0.359348774,0.001240721,0.213026077,-1.117175698,-0.119658709,-0.198217928,-0.248351201,0.080163717,-0.862729728,-0.600186646,-0.324103445,0.42623046,-0.831434488,-6.768545151,-0.864408076,0.159097597,-0.298700154,1.013682008,-0.528013229,-0.28899914,0.193970576,-0.496891588,-0.481099367,-0.488992721,0.736186504,-0.298562616,-0.327029824,0.052261997,-0.698992431,0.719189346,-0.792488337,0.074400119,-0.874175012,-5.983314037,0.001858177,-0.289825559,0.247626737,-0.710683167,0.153775334,-0.195227697,-1.634338498,0.338391691,0.002441232,0.137415394,0.010467424,-2.6311028,0.288285732,-0.509918928,0.002102836,0.34081018,-0.140608534,-1.012621999,-0.604664803,-0.876460612,-0.541548431,0.342338413,-0.104650982,0.175538957,0.172957689,0.607032776,0.185432896,0.274616748,-1.168916345,-0.422391623,-0.537354171,-1.881716371,-0.690784693,0.022989161,-0.967929959,-1.243317485,0.020428065,-0.679689109,0.593110085,-0.641764879,0.020647615,-2.265220881,-0.612495065,-0.234071627,-0.451739252,-0.000565295,0.14737241,0.365669429,-0.114902236,0.625740349,-1.189031601,-0.150886327,-0.315101117,0.336684704,1.644033313,-1.133037567,-0.320873052,0.096697897,-0.464138061,-0.335397303,0.272609144,0.034395956,-0.1085236,0.265446156,0.013740209,-0.045319594,0.52041012,-0.235130623,0.287274659,0.160322458,-0.068877712,0.150056168,0.12455371,-1.17356348,-0.023110252,0.186330795,-0.233380586,0.966802478,-0.142162487,-0.176676482,0.054541178,-0.256788045,-0.016709203,0.903239548,-0.393152595,-0.832733095,0.377215117,-0.496354818,0.224980146,0.138207495,0.619656384,0.118073247,-0.88849169,0.151483402,-0.680809855,0.259243667,0.119731866,0.11184109,-0.001951159,0.115747601,0.223865882,-0.86552155,-1.131788969,-0.293576688,0.255088836,0.289636791,0.121415779,-0.591888309,0.276055008,-0.37748006,-0.561254621,0.048533909,-1.099805474,0.244985551,-0.121133938,-0.325969785,0.13772887,-0.068167694,0.468107462,0.024167422,-0.071121551,-0.003976506,-0.458663017,-0.548579812,-0.532422423,-0.115665153,-0.42947787,0.720340669,0.810327709,-1.711096525,-0.032963108,0.658206522,0.515028298,-0.085014164,0.125030935,0.274619073,0.118612684,0.367645264,-0.082482643,0.547006488,0.276924163,0.484899849,0.393611372,0.350665092,0.692456245,-0.236102387,-0.049019888,-0.697857499,-0.782275081,-2.472600698,0.418230325,2.096231937,0.372737855,-0.173362762,-0.012138274,-0.301483452,0.928429484,-0.696113408,0.967894197,-0.000806011,-0.003341674,0.068951175,-0.059253566,-1.767928839,-0.174907267,0.826980531,0.063440703,-0.808997869,-0.023142619,0.975636303,0.220176741,-0.143931299,0.316960782,0.936874747,0.449136019,0.296768129,-0.607250154,0.369817495,0.742159963,0.083814614,-0.012507148,0.019180687,0.540231049,0.204856917,0.46250245,-0.292621017,-0.346377105,-0.403438628,-0.597387671,1.191355944,-0.776661336,-1.994180202,0.435533226,0.324705601,-0.347149283,-0.371375501,-0.423689455,0.033994414,-0.173854023,-0.040041868,0.427783638,-0.14601405,-0.072819367,-0.067446128,0.231330365,0.289415747,-0.334215224,0.092320673,-0.264858186,-0.751754463,-0.188695326,-2.613162518,-0.190029249,-0.42090863,0.322470188,-0.395284742,0.564818799,0.545162499,0.562500358,-11.51976871,0.528204441,1.130380034,-0.425324351,0.079941481,-0.55732584,0.494188577,-0.309724241,-1.370517969,0.201852366,-0.436766893,0.61313647,0.67163676,0.156993136,0.442537487,0.395828277,-0.615083098,-0.517449975,-0.473394513,-0.832257092,1.267333627,-0.263048619,0.562072277
Bias,1,0.291674137,-0.032379135,0.313633114,-0.688235343,-1.337927103,-0.272832274,-0.928580582,-1.45922029,-0.11254973,-1.193587065,0.296082407,0.600804329,1.00043714,-0.118929558,-1.38077116,1.147907495,-1.180014729,-0.146141306,-1.443649292,-1.277482748,-1.372175694,0.420056552,-0.40543589,-1.648631811,-0.113464519,0.515063107,-0.379573047,-0.555746138,-0.414099544,0.45305112,,,,,,,,,,,,,,,,,,,,,,,,,,,,,,,,,,,,,,,,,,,,,,,,,,,,,,,,,,,,,,,,,,,,,,,,,,,,,,,,,,,,,,,,,,,,,,,,,,,,,,,,,,,,,,,,,,,,,,,,,,,,,,,,,,,,,,,,,,,,,,,,,,,,,,,,,,,,,,,,,,,,,,,,,,,,,,,,,,,,,,,,,,,,,,,,,,,,,,,,,,,,,,,,,,,,,,,,,,,,,,,,,,,,,,,,,,,,,,,,,,,,,,,,,,,,,,,,,,,,,,,,,,,,,,,,,,,,,,,,,,,,,,,,,,,,,,,,,,,,,,,,,,,,,,,,,,,,,,,,,,,,,,,,,,,,,,,,,,,,,,,,,,,,,,,,,,,,,,,,,,,,,,,,,,,,,,,,,,,,,,,,,,,,,,,,,,,,,,,,,,,,,,,,,,,,,,,,,,,,,,,,,,,,,,,,,,,,,,,,,,,,,,,,,,,,,,,,,,,,,,,,,,,,,,,,,,,,,,,,,,,,,,,,,,,,,,,,,,,,,,,,,,,,,,,,,,,,,,,,,,,,,,,,,,,,,,,,,,,,,,,,,,,,,,,,,,,,,,,,,,,,,,,,,,,,,,,,,,,,,,,,,,,,,,,,,,,,,,,,,,,,,,,,,,,,,,,,,,,,,,,,,,,,,,,,,,,,,,,,,,,,,,,,,,,,,,,,,,,,,,,,,,,,,,,,,,,,,,,,,,,,,,,,,,,,,,,,,,,,,,,,,,,,,,,,,,,,,,,,,,,,,,,,,,,,,,,,,,,,,,,,,,,,,,,,,,,,,,,,,,,,,,,,,,,,,,,,,,,,,,,,,,,,,,,,,,,,,,,,,,,,,,,,,,,,,,,,,,,,,,,,,,,,,,,,,,,,,,,,,,,,,,,,,,,,,,,,,,,,,,,,,,,,,,
Weight,2,0.07316573,-0.063717611,-0.05567107,-0.055029154,0.078117579,-0.071558468,-0.07142321,-0.080041163,-0.049305506,-0.083065048,-0.056870755,0.078600742,0.108962081,0.058279909,-0.187558398,0.06591662,0.094571985,0.065636352,-0.070814095,-0.066970281,-0.129474118,0.178429306,0.058688123,-0.05610102,0.048852094,-0.065919049,-0.054820489,-0.137715042,-0.06684415,0.120837018,,,,,,,,,,,,,,,,,,,,,,,,,,,,,,,,,,,,,,,,,,,,,,,,,,,,,,,,,,,,,,,,,,,,,,,,,,,,,,,,,,,,,,,,,,,,,,,,,,,,,,,,,,,,,,,,,,,,,,,,,,,,,,,,,,,,,,,,,,,,,,,,,,,,,,,,,,,,,,,,,,,,,,,,,,,,,,,,,,,,,,,,,,,,,,,,,,,,,,,,,,,,,,,,,,,,,,,,,,,,,,,,,,,,,,,,,,,,,,,,,,,,,,,,,,,,,,,,,,,,,,,,,,,,,,,,,,,,,,,,,,,,,,,,,,,,,,,,,,,,,,,,,,,,,,,,,,,,,,,,,,,,,,,,,,,,,,,,,,,,,,,,,,,,,,,,,,,,,,,,,,,,,,,,,,,,,,,,,,,,,,,,,,,,,,,,,,,,,,,,,,,,,,,,,,,,,,,,,,,,,,,,,,,,,,,,,,,,,,,,,,,,,,,,,,,,,,,,,,,,,,,,,,,,,,,,,,,,,,,,,,,,,,,,,,,,,,,,,,,,,,,,,,,,,,,,,,,,,,,,,,,,,,,,,,,,,,,,,,,,,,,,,,,,,,,,,,,,,,,,,,,,,,,,,,,,,,,,,,,,,,,,,,,,,,,,,,,,,,,,,,,,,,,,,,,,,,,,,,,,,,,,,,,,,,,,,,,,,,,,,,,,,,,,,,,,,,,,,,,,,,,,,,,,,,,,,,,,,,,,,,,,,,,,,,,,,,,,,,,,,,,,,,,,,,,,,,,,,,,,,,,,,,,,,,,,,,,,,,,,,,,,,,,,,,,,,,,,,,,,,,,,,,,,,,,,,,,,,,,,,,,,,,,,,,,,,,,,,,,,,,,,,,,,,,,,,,,,,,,,,,,,,,,,,,,,,,,,,,,,,,,,,,,,,,,,,,,,,,,,,,,,,,,,,,
Bias,2,0.173992291,,,,,,,,,,,,,,,,,,,,,,,,,,,,,,,,,,,,,,,,,,,,,,,,,,,,,,,,,,,,,,,,,,,,,,,,,,,,,,,,,,,,,,,,,,,,,,,,,,,,,,,,,,,,,,,,,,,,,,,,,,,,,,,,,,,,,,,,,,,,,,,,,,,,,,,,,,,,,,,,,,,,,,,,,,,,,,,,,,,,,,,,,,,,,,,,,,,,,,,,,,,,,,,,,,,,,,,,,,,,,,,,,,,,,,,,,,,,,,,,,,,,,,,,,,,,,,,,,,,,,,,,,,,,,,,,,,,,,,,,,,,,,,,,,,,,,,,,,,,,,,,,,,,,,,,,,,,,,,,,,,,,,,,,,,,,,,,,,,,,,,,,,,,,,,,,,,,,,,,,,,,,,,,,,,,,,,,,,,,,,,,,,,,,,,,,,,,,,,,,,,,,,,,,,,,,,,,,,,,,,,,,,,,,,,,,,,,,,,,,,,,,,,,,,,,,,,,,,,,,,,,,,,,,,,,,,,,,,,,,,,,,,,,,,,,,,,,,,,,,,,,,,,,,,,,,,,,,,,,,,,,,,,,,,,,,,,,,,,,,,,,,,,,,,,,,,,,,,,,,,,,,,,,,,,,,,,,,,,,,,,,,,,,,,,,,,,,,,,,,,,,,,,,,,,,,,,,,,,,,,,,,,,,,,,,,,,,,,,,,,,,,,,,,,,,,,,,,,,,,,,,,,,,,,,,,,,,,,,,,,,,,,,,,,,,,,,,,,,,,,,,,,,,,,,,,,,,,,,,,,,,,,,,,,,,,,,,,,,,,,,,,,,,,,,,,,,,,,,,,,,,,,,,,,,,,,,,,,,,,,,,,,,,,,,,,,,,,,,,,,,,,,,,,,,,,,,,,,,,,,,,,,,,,,,,,,,,,,,,,,,,,,,,,,,,,,,,,,,,,,,,,,,,,,,,,,,,,,,,,,,,,,,,,,,,,,,,,,,,
